{"cameraMode":{"drawMode":0,"name":"Shaded","section":"Shading Mode"},"sceneLighting":true,"audioPlay":false,"sceneViewState":{"m_AlwaysRefresh":false,"showFog":true,"showSkybox":true,"showFlares":true,"showImageEffects":true,"showParticleSystems":true,"showVisualEffectGraphs":true,"m_FxEnabled":true},"in2DMode":false,"pivot":{"x":-0.7842180728912354,"y":5.6268720626831059,"z":-7.0140485763549809},"rotation":{"x":-0.27702614665031435,"y":-0.026806741952896119,"z":0.007731932681053877,"w":-0.9604588747024536},"size":2.371288537979126,"orthographic":false}