{"cameraMode":{"drawMode":0,"name":"Shaded","section":"Shading Mode"},"sceneLighting":true,"audioPlay":false,"sceneViewState":{"m_AlwaysRefresh":false,"showFog":true,"showSkybox":true,"showFlares":true,"showImageEffects":true,"showParticleSystems":true,"showVisualEffectGraphs":true,"m_FxEnabled":true},"in2DMode":false,"pivot":{"x":-1.0460140705108643,"y":1.0547564029693604,"z":2.8686749935150148},"rotation":{"x":0.12472932040691376,"y":-0.304024875164032,"z":0.04019877314567566,"w":0.9437387585639954},"size":6.588674545288086,"orthographic":false}