{"cameraMode":{"drawMode":0,"name":"Shaded","section":"Shading Mode"},"sceneLighting":true,"audioPlay":false,"sceneViewState":{"m_AlwaysRefresh":false,"showFog":true,"showSkybox":true,"showFlares":true,"showImageEffects":true,"showParticleSystems":true,"showVisualEffectGraphs":true,"m_FxEnabled":true},"in2DMode":false,"pivot":{"x":-14.476168632507325,"y":-30.652706146240236,"z":89.89249420166016},"rotation":{"x":0.16970810294151307,"y":-0.07342340052127838,"z":0.013055223040282727,"w":0.9828526377677918},"size":57.55061721801758,"orthographic":false}