{"cameraMode":{"drawMode":0,"name":"Shaded","section":"Shading Mode"},"sceneLighting":false,"audioPlay":false,"sceneViewState":{"m_AlwaysRefresh":false,"showFog":true,"showSkybox":false,"showFlares":true,"showImageEffects":true,"showParticleSystems":true,"showVisualEffectGraphs":true,"m_FxEnabled":true},"in2DMode":false,"pivot":{"x":-0.01593855209648609,"y":0.9475610256195068,"z":1.862645149230957e-7},"rotation":{"x":-0.2349381446838379,"y":-0.4947170615196228,"z":0.14092431962490083,"w":-0.8247472643852234},"size":0.9751190543174744,"orthographic":false}